日付,曜日,病院名,住所,TEL（昼）,TEL（夜）,診療科目,日中,夜間
2024年3月31日,日曜日,今治市医師会市民病院,今治市別宮町７－１－４０,0898-22-7611,,指定なし,08:30～17:30,17:30～翌日08:30
2024年4月1日,月曜日,済生会今治病院,今治市喜田村７丁目１番６号,0898-47-2500,0898-47-2500,指定なし,08:30～17:30,17:30～翌日08:30
2024年4月2日,火曜日,瀬戸内海病院,今治市北宝来町２－４－９,0898-23-0655,,指定なし,08:30～17:30,17:30～翌日08:30
2024年4月3日,水曜日,県立今治病院,今治市石井町４－５－５,0898-32-7111,0898-32-7111,指定なし,08:30～17:30,17:30～翌日08:30
2024年4月4日,木曜日,白石病院,今治市松本町１－５－９,0898-32-4135,,指定なし,08:30～17:30,17:30～翌日08:30
2024年4月5日,金曜日,木原病院,今治市別宮町３－７－８,0898-23-0634,,指定なし,08:30～17:30,17:30～翌日08:30
2024年4月6日,土曜日,白石病院,今治市松本町１－５－９,0898-32-4135,,指定なし,08:30～17:30,
2024年4月6日,土曜日,今治市医師会市民病院,今治市別宮町７－１－４０,0898-22-7611,,指定なし,,17:30～翌日08:30
2024年4月7日,日曜日,今治市医師会市民病院,今治市別宮町７－１－４０,0898-22-7611,,指定なし,08:30～17:30,17:30～翌日08:30
2024年4月7日,日曜日,県立今治病院,今治市石井町４－５－５,0898-32-7111,0898-32-7111,小児科,09:00～17:00,
2024年4月7日,日曜日,片山医院,今治市吉海町幸新田７１,0897-84-2620,,指定なし,09:00～17:00,
2024年4月8日,月曜日,広瀬病院,今治市喜田村６丁目５番１号,0898-47-0100,0898-47-0100,指定なし,08:30～17:30,17:30～翌日08:30
2024年4月9日,火曜日,済生会今治病院,今治市喜田村７丁目１番６号,0898-47-2500,0898-47-2500,指定なし,08:30～17:30,17:30～翌日08:30
2024年4月10日,水曜日,今治第一病院,今治市宮下町１―１―２１,0898-23-2000,,指定なし,08:30～17:30,17:30～翌日08:30
2024年4月11日,木曜日,白石病院,今治市松本町１－５－９,0898-32-4135,,指定なし,08:30～17:30,17:30～翌日08:30
2024年4月12日,金曜日,県立今治病院,今治市石井町４－５－５,0898-32-7111,0898-32-7111,指定なし,08:30～17:30,17:30～翌日08:30
2024年4月13日,土曜日,木原病院,今治市別宮町３－７－８,0898-23-0634,,指定なし,08:30～17:30,
2024年4月13日,土曜日,今治市医師会市民病院,今治市別宮町７－１－４０,0898-22-7611,,指定なし,,17:30～翌日08:30
2024年4月14日,日曜日,今治市医師会市民病院,今治市別宮町７－１－４０,0898-22-7611,,指定なし,08:30～17:30,17:30～翌日08:30
2024年4月14日,日曜日,今治市医師会市民病院,今治市別宮町７－１－４０,0898-22-7611,,内科,09:00～17:30,
2024年4月14日,日曜日,今治市医師会市民病院,今治市別宮町７－１－４０,0898-22-7611,,小児科,09:00～17:00,
2024年4月14日,日曜日,はかた外科,今治市伯方町叶浦甲１６６７－２５,0897-72-1711,,指定なし,09:00～17:00,
2024年4月15日,月曜日,瀬戸内海病院,今治市北宝来町２－４－９,0898-23-0655,,指定なし,08:30～17:30,17:30～翌日08:30
2024年4月16日,火曜日,済生会今治病院,今治市喜田村７丁目１番６号,0898-47-2500,0898-47-2500,指定なし,08:30～17:30,17:30～翌日08:30
2024年4月17日,水曜日,今治第一病院,今治市宮下町１―１―２１,0898-23-2000,,指定なし,08:30～17:30,17:30～翌日08:30
2024年4月18日,木曜日,白石病院,今治市松本町１－５－９,0898-32-4135,,指定なし,08:30～17:30,17:30～翌日08:30
2024年4月19日,金曜日,木原病院,今治市別宮町３－７－８,0898-23-0634,,指定なし,08:30～17:30,17:30～翌日08:30
2024年4月20日,土曜日,今治市医師会市民病院,今治市別宮町７－１－４０,0898-22-7611,,指定なし,08:30～17:30,17:30～翌日08:30
2024年4月21日,日曜日,瀬戸内海病院,今治市北宝来町２－４－９,0898-23-0655,,指定なし,08:30～17:30,17:30～翌日08:30
2024年4月21日,日曜日,まつうらバンビクリニック,今治市北宝来町３－３－３４,0898-22-0573,0898-22-0573,小児科,09:00～17:00,
2024年4月21日,日曜日,有津むらかみクリニック,今治市伯方町有津甲２３３１番地,0897-7-3200,0897-72-3200,指定なし,09:00～17:00,
2024年4月22日,月曜日,広瀬病院,今治市喜田村６丁目５番１号,0898-47-0100,0898-47-0100,指定なし,08:30～17:30,17:30～翌日08:30
2024年4月23日,火曜日,今治第一病院,今治市宮下町１―１―２１,0898-23-2000,,指定なし,08:30～17:30,17:30～翌日08:30
2024年4月24日,水曜日,県立今治病院,今治市石井町４－５－５,0898-32-7111,0898-32-7111,指定なし,08:30～17:15,22:30～翌日08:30
2024年4月24日,水曜日,今治セントラルクリニック,今治市松本町２丁目６番地６,0898-22-5251,0898-34-0088,指定なし,,17:15～22:30
2024年4月25日,木曜日,済生会今治病院,今治市喜田村７丁目１番６号,0898-47-2500,0898-47-2500,指定なし,08:30～17:30,17:30～翌日08:30
2024年4月26日,金曜日,木原病院,今治市別宮町３－７－８,0898-23-0634,,指定なし,08:30～17:30,17:30～翌日08:30
2024年4月27日,土曜日,今治第一病院,今治市宮下町１―１―２１,0898-23-2000,,指定なし,08:30～17:30,
2024年4月27日,土曜日,今治市医師会市民病院,今治市別宮町７－１－４０,0898-22-7611,,指定なし,,17:30～翌日08:30
2024年4月28日,日曜日,今治市医師会市民病院,今治市別宮町７－１－４０,0898-22-7611,,指定なし,08:30～17:30,17:30～翌日08:30
2024年4月28日,日曜日,今治市医師会市民病院,今治市別宮町７－１－４０,0898-22-7611,,内科,09:00～17:30,
2024年4月28日,日曜日,今治市医師会市民病院,今治市別宮町７－１－４０,0898-22-7611,,小児科,09:00～17:00,
2024年4月28日,日曜日,医療法人　喜多嶋診療所,今治市伯方町木浦甲３４４９,0897-72-0250,,指定なし,09:00～17:00,
2024年4月29日,祝日,瀬戸内海病院,今治市北宝来町２－４－９,0898-23-0655,,指定なし,08:30～17:30,17:30～翌日08:30
2024年4月29日,祝日,あおい小児科,今治市東村５丁目９－３７,0898-47-0033,,小児科,09:00～17:00,
2024年4月29日,祝日,しのざき整形外科,今治市伯方町伊方甲１０２２－１,0897-73-1221,0897-73-1221,指定なし,09:00～17:00,
2024年4月30日,火曜日,県立今治病院,今治市石井町４－５－５,0898-32-7111,0898-32-7111,指定なし,08:30～17:30,17:30～翌日08:30
